{"loss": [0.6439158320426941, 0.39358896017074585, 0.24670784175395966, 0.18289236724376678, 0.1463635265827179, 0.12035364657640457, 0.11567187309265137, 0.10869016498327255, 0.08655914664268494, 0.07731974869966507, 0.07200807332992554, 0.0672212690114975, 0.053074706345796585, 0.04376134276390076, 0.03985757753252983, 0.048317600041627884, 0.04072931781411171, 0.03736264631152153, 0.044794708490371704, 0.05067967250943184, 0.04578248783946037, 0.046171970665454865, 0.048618510365486145, 0.041012540459632874, 0.03317827358841896, 0.04144984856247902, 0.04234213009476662, 0.040490102022886276, 0.03659319132566452, 0.035144977271556854, 0.031753797084093094, 0.031096789985895157, 0.03579455614089966, 0.04741440340876579, 0.04421760141849518, 0.04031864181160927, 0.03501738980412483, 0.033371564000844955, 0.03407765179872513, 0.03766128793358803, 0.03651900961995125, 0.03732723742723465, 0.035462237894535065, 0.040579117834568024, 0.03564948961138725, 0.032982394099235535, 0.03157574683427811, 0.033903997391462326, 0.0314001739025116, 0.03129204735159874], "binary_accuracy": [0.6260346174240112, 0.8431151509284973, 0.9106470942497253, 0.9367945790290833, 0.9537246227264404, 0.9620015025138855, 0.9608728289604187, 0.9651994109153748, 0.9719713926315308, 0.97516930103302, 0.977990984916687, 0.9778028726577759, 0.9804364442825317, 0.9817531704902649, 0.9815650582313538, 0.9796839952468872, 0.9828818440437317, 0.9836342930793762, 0.9778028726577759, 0.9791196584701538, 0.980812668800354, 0.9798721075057983, 0.9794958829879761, 0.9825056195259094, 0.984762966632843, 0.9813769459724426, 0.9817531704902649, 0.9817531704902649, 0.9838224053382874, 0.9825056195259094, 0.9843867421150208, 0.9840105175971985, 0.9836342930793762, 0.9798721075057983, 0.9825056195259094, 0.9825056195259094, 0.9838224053382874, 0.9834461808204651, 0.9825056195259094, 0.983258068561554, 0.983258068561554, 0.9840105175971985, 0.9823175072669983, 0.9813769459724426, 0.9834461808204651, 0.9830699563026428, 0.984762966632843, 0.9836342930793762, 0.9845748543739319, 0.9851391911506653], "val_loss": [0.5421948432922363, 0.4904155731201172, 0.5205166339874268, 0.6101807355880737, 0.7068303823471069, 0.8413208723068237, 0.8135994672775269, 0.8469899892807007, 0.8226343989372253, 0.9445573687553406, 1.0607805252075195, 0.9084243178367615, 1.0332903861999512, 1.252773404121399, 1.4119869470596313, 1.3130549192428589, 1.3589924573898315, 1.2836964130401611, 1.3464536666870117, 1.278541088104248, 1.5072226524353027, 1.2320584058761597, 1.2999553680419922, 1.334879994392395, 1.5363434553146362, 1.3924728631973267, 1.281704068183899, 1.3856391906738281, 1.3293712139129639, 1.3772128820419312, 1.3866325616836548, 1.6703925132751465, 1.9632340669631958, 1.129655361175537, 1.221340298652649, 1.3891785144805908, 1.3699530363082886, 1.6266615390777588, 1.4571421146392822, 1.4941189289093018, 1.4997214078903198, 1.2978577613830566, 1.5541532039642334, 1.3120406866073608, 1.4353772401809692, 1.567171573638916, 1.563444972038269, 1.5756813287734985, 1.6545931100845337, 1.5082520246505737], "val_binary_accuracy": [0.7727073431015015, 0.7806055545806885, 0.76349276304245, 0.766125500202179, 0.7599824666976929, 0.7507678866386414, 0.7376042008399963, 0.7512066960334778, 0.7525230646133423, 0.7424308657646179, 0.7463799715042114, 0.7459412217140198, 0.7419921159744263, 0.7332163453102112, 0.7275120615959167, 0.7332163453102112, 0.7292672395706177, 0.7424308657646179, 0.7441860437393188, 0.7349714636802673, 0.7327775359153748, 0.7371654510498047, 0.7297059893608093, 0.7468187808990479, 0.7406757473945618, 0.7402369379997253, 0.7472575902938843, 0.7327775359153748, 0.7389205694198608, 0.7358490824699402, 0.7397981286048889, 0.7297059893608093, 0.7038174867630005, 0.7336550951004028, 0.7406757473945618, 0.7380430102348328, 0.7406757473945618, 0.7323387265205383, 0.7402369379997253, 0.7380430102348328, 0.7349714636802673, 0.7393593788146973, 0.7358490824699402, 0.7288284301757812, 0.7301447987556458, 0.7297059893608093, 0.7332163453102112, 0.7261956930160522, 0.7288284301757812, 0.7354102730751038]}