{"loss": [0.04505263641476631, 0.04384222999215126, 0.0475822389125824, 0.04535219073295593, 0.03959912806749344, 0.03618389368057251, 0.03862404450774193, 0.03926421329379082, 0.037109944969415665, 0.03975158557295799, 0.042145680636167526, 0.03879227489233017, 0.039557117968797684, 0.03801899030804634, 0.040927544236183167, 0.03725695610046387, 0.032408781349658966, 0.030695706605911255, 0.02808736078441143, 0.02945186197757721, 0.02844281680881977, 0.02737373113632202, 0.026536069810390472, 0.025260478258132935, 0.029186779633164406, 0.03092934936285019, 0.032456763088703156, 0.03241736441850662, 0.031362369656562805, 0.03238367661833763, 0.030477605760097504, 0.03251216560602188, 0.027728062123060226, 0.026813123375177383, 0.0344073623418808, 0.028462400659918785, 0.031879644840955734, 0.029088357463479042, 0.027775002643465996, 0.025159159675240517, 0.02468303218483925, 0.025279516354203224, 0.023732442408800125, 0.02428167313337326, 0.023157963529229164, 0.023877328261733055, 0.02350441738963127, 0.023128017783164978, 0.024144820868968964, 0.029570166021585464], "binary_accuracy": [0.9813769459724426, 0.981941282749176, 0.9804364442825317, 0.980812668800354, 0.9825056195259094, 0.9828818440437317, 0.9834461808204651, 0.983258068561554, 0.9845748543739319, 0.9845748543739319, 0.9841986298561096, 0.9845748543739319, 0.9830699563026428, 0.9849510788917542, 0.9836342930793762, 0.9821293950080872, 0.9826937317848206, 0.9853273034095764, 0.9857035279273987, 0.9845748543739319, 0.9849510788917542, 0.9866440892219543, 0.9862678647041321, 0.9858916401863098, 0.983258068561554, 0.9840105175971985, 0.9843867421150208, 0.9836342930793762, 0.9840105175971985, 0.983258068561554, 0.9843867421150208, 0.9838224053382874, 0.9853273034095764, 0.9862678647041321, 0.9834461808204651, 0.9836342930793762, 0.9830699563026428, 0.9853273034095764, 0.9862678647041321, 0.9864559769630432, 0.9868322014808655, 0.9862678647041321, 0.9870203137397766, 0.9862678647041321, 0.9868322014808655, 0.9864559769630432, 0.9864559769630432, 0.986079752445221, 0.9872084259986877, 0.9857035279273987], "val_loss": [1.3094102144241333, 1.2992117404937744, 1.3127139806747437, 1.2926619052886963, 1.3795437812805176, 1.5072706937789917, 1.4876569509506226, 1.4391717910766602, 1.4350193738937378, 1.4298549890518188, 1.3447303771972656, 1.3424817323684692, 1.2833210229873657, 1.347659945487976, 1.4119328260421753, 1.1866528987884521, 1.5996310710906982, 1.407966136932373, 1.6097338199615479, 1.4847997426986694, 1.565858244895935, 1.6801878213882446, 1.7142539024353027, 1.945186734199524, 1.9457311630249023, 1.5861924886703491, 1.631424903869629, 1.643333911895752, 1.6140031814575195, 1.7131726741790771, 1.6703593730926514, 1.7365537881851196, 1.77057683467865, 1.7044416666030884, 1.667384147644043, 1.7652689218521118, 1.5747382640838623, 1.662989616394043, 1.6037304401397705, 1.9930737018585205, 1.9010438919067383, 1.9900565147399902, 2.0163798332214355, 2.0768446922302246, 2.150503396987915, 2.102154493331909, 1.9867384433746338, 2.205876111984253, 1.9455333948135376, 1.975144624710083], "val_binary_accuracy": [0.7468187808990479, 0.7507678866386414, 0.7411144971847534, 0.7433084845542908, 0.7419921159744263, 0.7450636029243469, 0.7428696751594543, 0.7393593788146973, 0.7323387265205383, 0.7178587317466736, 0.7476963400840759, 0.7327775359153748, 0.7310223579406738, 0.7362878322601318, 0.7218078374862671, 0.7406757473945618, 0.7297059893608093, 0.7397981286048889, 0.7463799715042114, 0.7419921159744263, 0.7349714636802673, 0.7362878322601318, 0.7362878322601318, 0.7323387265205383, 0.7358490824699402, 0.7380430102348328, 0.7389205694198608, 0.7261956930160522, 0.7459412217140198, 0.7305836081504822, 0.7411144971847534, 0.7297059893608093, 0.7380430102348328, 0.7323387265205383, 0.7318999767303467, 0.7248793244361877, 0.7345327138900757, 0.7362878322601318, 0.7340939044952393, 0.7240017652511597, 0.7349714636802673, 0.7354102730751038, 0.7261956930160522, 0.7389205694198608, 0.7371654510498047, 0.7349714636802673, 0.7318999767303467, 0.7336550951004028, 0.7266345024108887, 0.7266345024108887]}