{"loss": [0.6788202524185181, 0.44187626242637634, 0.2670855224132538, 0.19144946336746216, 0.14533112943172455, 0.12138615548610687, 0.103753000497818, 0.09354479610919952, 0.08533422648906708, 0.08330875635147095, 0.07356011867523193, 0.0672183632850647, 0.062029674649238586, 0.05716395378112793, 0.0537089966237545, 0.05308963730931282, 0.047715578228235245, 0.045865803956985474, 0.045269403606653214, 0.0441364161670208], "binary_accuracy": [0.5675320029258728, 0.8171557784080505, 0.904815673828125, 0.9341610074043274, 0.9529721736907959, 0.961249053478241, 0.9672686457633972, 0.9721595048904419, 0.9747930765151978, 0.9762979745864868, 0.9776147603988647, 0.9811888933181763, 0.9828818440437317, 0.9834461808204651, 0.980812668800354, 0.9810007810592651, 0.9823175072669983, 0.9823175072669983, 0.9806245565414429, 0.9826937317848206], "val_loss": [0.6119621992111206, 0.5173254609107971, 0.5096914768218994, 0.6352386474609375, 0.6117842197418213, 0.7539438605308533, 0.777189314365387, 0.7614568471908569, 0.847830057144165, 1.0123111009597778, 0.9808632731437683, 0.8778997659683228, 0.9055124521255493, 1.0428152084350586, 1.061574935913086, 1.4499635696411133, 1.3947149515151978, 1.2817414999008179, 1.2953588962554932, 1.3412418365478516], "val_binary_accuracy": [0.6546730995178223, 0.7784115672111511, 0.779289186000824, 0.7700746059417725, 0.7626152038574219, 0.7547169923782349, 0.7582272887229919, 0.7547169923782349, 0.7582272887229919, 0.7490127086639404, 0.7529618144035339, 0.7450636029243469, 0.7419921159744263, 0.7345327138900757, 0.7424308657646179, 0.7314611673355103, 0.7424308657646179, 0.7318999767303467, 0.7371654510498047, 0.7297059893608093]}